Date,IPO_Name,Issue_Size(crores),QIB,HNI,RII,Issue_price,Listing_Open,Listing_Close,Listing_Gain,CMP,Market_Profit,SME
2019-05-08,Neogen,131.48,30.49,113.88,16.06,100,251.0,263.55,151.0,278.0,Yes,Yes
2022-02-16,Vedant Fashions,3149.0,7.49,1.07,0.39,866,950.0,934.85,9.699769053,906.75,Yes,No
2022-02-08,Adani Wilmar,3600.0,5.73,56.3,3.92,230,274.0,265.2,19.13043478,354.35,Yes,No
2017-07-25,Salasar Techno ,35.87,0.0,487.18,58.59,108,259.45,272.1,140.2314815,215.75,Yes,No
2022-01-31,AGS Transact,716.87,2.68,25.61,3.08,175,176.0,161.3,0.571428571,125.1,No,No
2021-12-31,CMS Info System,1100.0,1.98,1.45,2.15,216,242.95,237.4,12.47685185,245.45,Yes,No
2021-12-28,Supriya Lifesci,700.0,31.83,161.22,56.01,274,425.0,390.35,55.10948905,410.95,Yes,No
2021-12-27,HP Adhesives,125.96,1.82,19.04,81.24,274,319.0,334.95,16.42335766,373.0,Yes,No
2021-12-24,Data Patterns,601.2,190.86,254.22,23.14,585,864.0,754.85,47.69230769,649.7,Yes,No
2021-12-22,Metro Brands,1376.63,8.49,3.02,1.13,500,436.0,493.55,-12.8,553.35,Yes,No
2021-12-20,Shriram Prop,600.0,1.85,4.82,12.72,118,94.0,99.4,-20.33898305,88.3,No,No
2021-12-17,Rategain Travel,1354.0,8.42,42.04,8.08,425,364.8,340.5,-14.16470588,355.75,No,No
2021-12-14,A0d Rathi,660.0,2.5,25.42,7.76,550,584.45,583.5,6.263636364,566.85,Yes,No
2021-12-13,Tega Industries,619.23,215.45,666.19,29.44,453,753.0,725.5,66.22516556,474.65,Yes,No
2021-12-10,Star Health,7318.15,1.03,0.19,1.1,900,903.0,906.85,0.333333333,728.05,No,Yes
2021-11-26,Tarsons Product,1030.22,1.06,3.4,2.49,662,700.0,840.0,5.740181269,654.05,No,No
2021-11-23,Latent View,622.11,145.48,850.66,119.44,197,530.0,488.6,169.035533,476.9,Yes,No
2021-11-18,One 97 Paytm,18915.9,2.79,0.24,1.66,2150,1955.0,1564.15,-9.069767442,833.55,No,Yes
2021-11-15,PB Fintech,6273.5,9.83,2.58,1.67,980,1444.0,1202.9,47.34693878,751.5,No,Yes
2021-11-15,SJS Enterprises,816.57,1.42,2.32,1.38,542,514.0,509.85,-5.166051661,389.35,No,No
2021-11-15,Sigachi Ind,0.0,42.15,78.82,41.26,163,575.0,603.75,252.7607362,319.7,Yes,Yes
2021-11-12,Fino Payments,1209.0,1.65,0.21,5.92,577,548.0,545.25,-5.025996534,310.15,No,No
2021-10-11,ABSL AMC,2768.0,4.1,2.6,1.68,712,697.5,699.65,-2.036516854,509.2,No,Yes
2021-10-01,Paras Defence,181.13,90.48,435.14,61.42,175,475.0,498.75,171.4285714,654.55,Yes,No
2021-09-24,Sansera Eng,1282.0,26.47,11.37,3.15,744,845.05,818.7,13.58198925,659.9,No,No
2021-09-14,Vijaya Diagnost,1895.04,13.07,1.32,1.09,531,542.3,619.3,2.128060264,434.4,No,No
2021-09-14,AMI Organics,571.96,86.64,154.81,13.36,610,902.0,934.55,47.86885246,912.6,Yes,No
2021-09-06,APTUS VALUE,2790.0,32.41,33.91,1.35,353,360.0,374.05,1.983002833,355.2,Yes,Yes
2021-08-24,CHEMPLAST SANMA,3929.91,2.7,1.03,2.29,541,570.0,534.9,5.360443623,524.0,No,Yes
2021-08-23,Nuvoco Vistas,5089.29,0.1,0.02,0.24,570,471.0,531.3,-17.36842105,383.25,No,Yes
2021-08-20,CarTrade Tech,2998.0,0.55,0.09,0.81,1618,1600.0,1500.1,-1.112484549,587.8,No,Yes
2021-08-16,Windlas Biotech,405.95,24.4,15.73,24.27,460,439.0,406.7,-4.565217391,262.8,No,No
2021-08-16,Devyani Int,1858.0,95.27,213.06,39.52,90,141.0,123.35,56.66666667,166.1,Yes,No
2021-08-16,Exxaro Tiles,161.09,17.67,5.36,40.1,120,126.0,132.25,5.0,127.7,Yes,No
2021-08-16,Krsnaa Diagnost,1222.0,49.83,116.3,42.04,954,1025.0,990.75,7.442348008,600.5,No,No
2021-08-06,Glenmark Life,1513.0,0.98,0.87,4.61,720,752.0,748.2,4.444444444,523.0,No,No
2021-07-23,Zomato,9375.0,51.79,32.96,7.45,76,115.0,125.85,51.31578947,86.0,Yes,Yes
2021-07-07,India Pesticide,800.0,2.64,1.36,4.4,296,360.0,335.45,21.62162162,305.6,Yes,No
2021-06-28,Dodla Dairy,521.0,84.88,73.26,11.34,428,550.0,609.1,28.5046729,475.0,Yes,No
2021-06-24,Shyam Metalics,909.0,62.18,172.51,5.29,306,380.0,375.85,24.18300654,323.35,Yes,No
2021-06-24,Sona BLW,5550.0,1.57,0.22,0.66,291,302.4,362.85,3.917525773,655.0,Yes,Yes
2021-05-14,PowerGrid InvIT,7734.99,0.0,0.0,0.0,100,104.0,102.98,4.0,130.0,Yes,Yes
2021-03-26,Suryoday Small,582.34,2.18,1.31,3.09,305,274.75,276.2,-9.918032787,127.05,No,No
2021-03-26,Kalyan Jeweller,1175.0,1.18,0.97,1.47,87,73.9,75.3,-15.05747126,62.25,No,No
2021-03-25,Laxmi Organic,600.0,1.13,0.73,4.41,130,173.0,164.6,33.07692308,427.75,Yes,No
2021-03-24,Anupam Rasayan,760.0,30.8,62.06,4.62,555,534.7,525.9,-3.657657658,916.4,Yes,No
2021-03-19,Easy Trip,510.0,0.0,2.79,14.48,187,182.0,208.3,-2.673796791,570.0,Yes,No
2021-03-05,Heranba,60.0,25.98,108.72,4.82,627,900.0,812.25,43.54066986,644.9,Yes,No
2021-02-26,Railtel,819.24,22.03,51.4,7.08,94,109.0,121.4,15.95744681,103.15,Yes,No
2021-02-05,Stove Kraft,412.63,8.02,32.72,26.04,385,498.0,445.95,29.35064935,669.85,Yes,No
2021-02-03,Home First,1153.72,52.53,39.0,6.59,518,612.15,527.4,18.17567568,718.1,Yes,No
2021-01-29,IRFC,4633.0,0.89,0.52,1.59,26,25.0,24.85,-3.846153846,22.25,No,Yes
2021-01-01,Antony Waste,300.53,0.64,0.28,7.22,315,430.0,407.25,36.50793651,292.0,No,No
2020-12-24,Bectors Food,540.54,176.85,620.86,29.33,288,501.0,595.55,73.95833333,338.5,Yes,No
2020-12-14,Restaurant Bran,796.5,86.64,354.11,68.15,60,115.35,138.4,92.25,127.65,Yes,No
2020-11-02,Equitas Bank,517.6,3.91,0.22,2.08,33,31.0,32.75,-6.060606061,53.45,Yes,No
2020-10-12,UTI AMC,2159.88,3.34,0.93,2.32,554,476.2,476.6,-14.0433213,825.55,Yes,Yes
2020-10-12,Mazagon Dock,443.69,89.71,678.88,35.63,145,216.25,173.0,49.13793103,253.0,Yes,No
2020-10-01,Chemcon Special,318.0,113.54,449.14,41.21,340,731.0,584.8,115.0,316.35,No,No
2020-03-16,SBI Card,10286.2,57.18,45.23,2.5,755,658.0,683.2,-12.84768212,826.9,Yes,Yes
2019-12-30,Prince Pipes,500.0,3.54,1.21,1.89,178,160.0,166.6,-10.11235955,670.5,Yes,No
2019-12-12,Ujjivan Small,750.0,110.72,473.0,49.09,37,58.75,55.9,58.78378378,17.9,No,No
2019-12-04,CSB Bank,409.68,38.85,45.49,9.01,195,275.0,300.1,41.02564103,234.1,Yes,No
2019-10-14,IRCTC,635.04,108.79,354.52,14.94,320,644.0,145.72,101.25,816.3,Yes,No
2019-08-20,Sterling Wilson,3125.0,1.02,0.89,0.3,780,700.0,725.35,-10.25641026,347.3,No,Yes
2019-04-11,Rail Vikas,430.88,1.36,0.8,2.92,19,19.0,19.05,0.0,33.15,Yes,No
2019-04-01,Embassy Office,4750.0,2.15,3.09,0.31,300,300.0,314.1,0.0,381.46,Yes,Yes
2019-03-29,MSTC,213.81,1.13,2.15,2.95,128,111.0,114.2,-13.28125,341.85,Yes,No
2019-02-07,Chalet Hotels,1628.84,4.66,1.1,0.03,280,291.0,290.4,3.928571429,252.0,No,No
2019-02-04,Xelpmoc Design ,23.0,1.24,7.69,2.64,66,56.0,58.8,-15.15151515,306.65,Yes,No
2018-08-23,CreditAccess Gr,1126.44,5.52,0.98,0.88,422,393.0,420.8,-6.872037915,703.15,Yes,No
2018-07-30,TCNS Clothing C,1121.98,13.47,5.08,0.67,716,715.0,657.8,-0.139664804,678.0,No,No
2018-07-02,RITES,453.6,71.72,194.56,15.74,185,190.0,170.16,2.702702703,250.7,Yes,No
2018-05-21,Indostar Capita,1844.0,16.08,6.91,1.48,572,600.6,585.5,5.0,240.5,No,No
2018-04-05,ICICI Securitie,4016.0,0.54,0.05,0.39,520,435.0,444.9,-16.34615385,695.35,Yes,Yes
2018-04-04,Mishra Dhatu Ni,438.38,1.96,0.12,0.72,100,93.1,90.0,-6.9,175.45,0,No
2018-03-27,Bandhan Bank,4473.0,38.67,13.89,1.2,375,485.0,477.2,29.33333333,319.1,No,Yes
2018-03-23,Bharat Dynamics,960.94,1.5,0.5,1.41,428,360.0,390.7,-15.88785047,470.2,Yes,No
2018-03-09,HG Infra Engg,457.7,8.37,4.97,3.08,270,270.0,270.05,0.0,610.1,Yes,No
2018-02-26,Aster DM Health,980.14,2.1,0.55,1.18,190,182.0,179.85,-4.210526316,189.4,No,No
2018-01-29,Newgen Software,424.62,15.62,5.52,5.18,245,256.0,253.0,4.489795918,553.25,Yes,No
2018-01-22,Apollo Micro Sy,156.0,101.93,958.07,40.19,275,478.0,454.1,73.81818182,122.5,No,No
2017-12-29,Astron Paper & ,70.0,103.35,396.99,77.93,50,120.75,119.7,141.5,44.55,No,No
2017-12-18,Future Supply,649.69,12.36,11.15,3.28,664,674.0,685.8,1.506024096,65.8,No,No
2017-12-15,Shalby ,504.8,4.34,0.42,2.98,248,237.0,239.25,-4.435483871,135.05,No,No
2017-11-17,HDFC Life,8695.01,16.6,2.29,0.9,290,313.0,344.25,7.931034483,590.85,Yes,Yes
2017-11-14,Khadim India,493.06,2.45,0.18,2.34,750,727.0,688.5,-3.066666667,259.55,No,No
2017-11-10,Mahindra Logist,829.36,15.61,2.07,6.11,429,425.0,429.15,-0.932400932,421.8,No,No
2017-11-06,Nippon,1542.0,118.41,209.44,5.23,252,289.0,284.0,14.68253968,313.4,Yes,No
2017-10-25,General Insuran,11372.0,2.25,0.22,0.63,912,870.4,435.2,-4.561403509,129.05,No,Yes
2017-10-23,IEX,1000.7,2.56,0.85,2.61,1650,1500.0,54.22,-9.090909091,217.5,No,No
2017-10-16,Godrej Agrovet,1157.31,150.96,236.04,7.67,460,615.0,595.55,33.69565217,489.5,Yes,No
2017-10-05,Prataap Snacks ,481.94,76.89,101.15,7.62,938,1250.0,1178.3,33.26226013,743.5,No,No
2017-09-25,Capacite Infra,400.0,131.32,638.05,17.57,250,360.0,342.4,44.0,139.25,No,No
2017-09-21,Matrimony.com,501.07,1.88,0.41,18.16,985,985.0,901.2,0.0,758.0,No,No
2017-09-18,Bharat Road Net,600.65,1.33,1.63,5.16,205,205.0,208.15,0.0,38.9,No,No
2017-09-04,Apex Frozen,152.25,1.91,7.82,8.53,175,202.0,209.85,15.42857143,291.75,Yes,No
2017-08-11,Cochin Shipyard,1454.0,63.51,288.87,8.12,432,461.0,522.0,6.712962963,313.2,No,No
2017-08-10,SIS,362.25,5.64,1.65,18.67,815,875.0,378.35,7.36196319,502.05,No,No
2017-07-04,GTPL Hathway,484.8,1.48,2.48,0.99,170,170.0,171.65,0.0,210.95,Yes,No
2017-06-29,Eris Life,1741.1,4.68,0.45,3.51,603,612.0,601.05,1.492537313,709.75,Yes,No
2017-06-27,Tejas Networks,326.69,2.16,0.48,3.1,257,257.7,263.3,0.272373541,445.0,Yes,No
2017-06-06,IndiGrid InvIT ,2250.0,1.14,1.6,0.0,100,99.7,95.08,-0.3,150.03,Yes,Yes
2017-05-29,PSP Projects,211.68,8.38,10.39,6.47,210,195.0,208.95,-7.142857143,536.15,Yes,No
2017-05-19,HUDCO,1224.0,55.45,330.36,10.79,58,76.5,72.5,31.89655172,36.1,No,No
2017-05-09,S Chand and Co,325.0,44.27,204.65,6.07,670,675.85,675.85,0.873134328,109.2,No,No
2017-04-05,Shankara Buildi,232.96,51.62,90.68,15.35,460,545.0,632.8,18.47826087,707.6,Yes,No
2017-03-31,CL Educate,238.95,3.65,0.21,1.63,500,398.0,208.95,-20.4,125.05,No,No
2017-03-17,Music Broadcast,488.53,39.78,109.13,9.85,333,413.0,59.7,24.02402402,24.0,No,No
2016-12-19,Laurus Labs,560.7,10.54,3.57,1.58,428,489.9,96.1,14.46261682,551.9,Yes,No
2016-11-08,Varun Beverages,1114.0,4.94,0.42,0.82,445,430.0,205.29,-3.370786517,952.7,Yes,No
2016-11-07,PNB Housing Fin,3000.0,37.33,86.17,1.32,775,860.0,890.6,10.96774194,450.05,No,Yes
2016-10-04,HPL Electric & ,361.0,5.77,22.2,3.31,202,190.0,189.05,-5.940594059,67.65,No,No
2016-09-29,ICICI Prudentia,6057.0,11.83,28.55,1.42,334,329.0,297.65,-1.497005988,525.15,Yes,Yes
2016-09-27,GNA Axles,130.41,17.18,217.47,11.84,207,252.0,233.45,21.73913043,506.9,Yes,No
2016-08-31,RBL Bank,1100.0,85.08,198.06,5.7,225,274.4,299.3,21.95555556,140.0,No,No
2016-08-12,S P Apparels,215.0,1.0,0.45,0.54,268,275.0,295.0,2.611940299,415.25,Yes,No
2016-08-11,Dilip Buildcon,430.0,0.0,0.0,0.0,219,240.0,251.95,9.589041096,294.15,Yes,No
2016-08-01,Advanced Enzyme,60.0,94.03,393.1,11.67,896,1210.0,235.66,35.04464286,297.0,No,No
2016-07-12,Quess Corp,400.0,59.02,392.21,31.23,317,500.0,503.0,57.72870662,650.2,Yes,No
2016-07-01,Mahanagar Gas,1039.64,72.84,191.61,6.82,421,540.0,519.9,28.26603325,768.7,Yes,No
2016-05-19,Parag Milk Food,764.3,1.15,3.08,2.12,215,230.0,247.8,6.976744186,105.6,No,No
2016-05-10,Ujjivan Fi0ci,358.16,33.84,135.45,4.02,210,231.9,231.6,10.42857143,113.3,No,No
2016-05-09,Thyrocare Techn,479.21,73.18,225.3,8.73,446,662.0,618.1,48.43049327,891.75,Yes,No
2016-04-21,Equitas Holding,2159.0,14.93,57.29,1.4,110,145.1,135.25,31.90909091,112.0,Yes,Yes
2016-04-01,Bharat Wire Rop,70.0,1.01,2.02,2.08,45,47.25,45.4,5.0,76.55,Yes,No
2016-02-18,Quick Heal Tech,450.0,4.34,36.69,3.82,321,305.0,254.45,-4.984423676,196.0,No,No
2016-02-08,Precision Camsh,410.0,2.62,0.73,2.01,186,165.0,177.25,-11.29032258,144.85,No,No
2016-01-06,Narayana Hruda,613.0,0.01,0.01,0.13,250,291.0,336.7,16.4,653.0,Yes,No
2015-11-16,S H Kelkar,200.0,0.0,0.0,0.0,180,216.0,207.3,20.0,149.2,No,No
2015-11-02,Coffee Day,1150.0,4.39,0.54,0.9,328,313.0,270.15,-4.573170732,61.95,No,No
2015-09-21,Prabhat Dairy,300.0,0.88,1.42,0.34,115,113.0,116.35,-1.739130435,99.65,No,No
2015-09-16,Sadbhav Infra,425.0,3.04,1.66,1.69,103,111.0,106.15,7.766990291,12.66,No,No
2015-09-10,Pennar Eng,156.19,0.0,0.04,0.11,178,177.95,157.5,-0.028089888,63.85,No,No
2015-09-10,Shree Pushkar,70.0,0.97,2.09,1.54,65,60.05,63.0,-7.615384615,235.6,Yes,No
2015-09-09,Navkar Corp,600.0,6.47,0.9,1.62,155,152.0,166.4,-1.935483871,35.75,No,No
2015-08-26,Power Mech,273.22,27.53,133.22,3.42,640,600.0,585.75,-6.25,901.1,Yes,No
2015-08-11,Syngene Intl,550.0,51.47,90.24,4.78,250,295.0,155.2,18.0,565.0,Yes,No
2015-07-09,Manpasand Bever,400.0,1.99,0.38,1.16,320,291.0,163.43,-9.0625,6.14,No,No
2015-05-26,PNC Infratech,488.0,4.51,0.65,0.28,378,381.0,72.04,0.793650794,274.45,No,No
2015-05-14,UFO Moviez,600.0,4.49,1.17,1.02,625,600.0,598.8,-4.0,97.3,No,No
2015-05-06,MEP Infra,324.0,1.02,1.51,0.97,63,63.0,60.95,0.0,23.9,No,No
2015-04-30,VRL Logistics,473.88,58.22,250.86,7.92,205,288.0,293.3,40.48780488,473.55,Yes,No
2015-04-09,Inox Wind,700.0,35.68,35.38,2.15,325,400.0,438.0,23.07692308,119.1,No,No
2015-04-06,Imagicaaworld,467.0,1.17,0.49,1.37,180,167.95,191.25,-6.694444444,13.58,No,No
2015-03-19,Ortel Comm,240.0,1.01,0.09,0.39,181,181.0,171.95,0.0,1.72,No,No
2014-12-19,Monte Carlo,342.28,13.96,1.71,6.96,645,585.0,566.4,-9.302325581,529.0,No,No
2014-10-01,Shemaroo Ent,120.0,5.69,8.64,7.79,170,180.0,171.0,5.882352941,122.45,No,No
2014-09-23,Sharda Crop,352.0,32.06,251.35,5.85,156,254.1,231.45,62.88461538,559.6,Yes,No
2014-09-12,Snowman Logist,197.4,16.98,221.79,41.26,47,75.0,78.75,59.57446809,36.2,No,No
2014-05-09,Wonderla,181.25,16.71,159.04,7.56,125,164.75,157.6,31.8,223.1,Yes,No
2013-06-05,Just Dial,950.0,10.12,22.34,3.53,530,590.0,611.45,11.32075472,804.05,Yes,No
2013-04-01,Repco Home,270.38,3.39,0.35,0.51,172,159.95,160.85,-7.005813953,232.6,Yes,No
2012-12-28,INDUS TOWERS,4533.6,2.84,0.1,0.06,220,200.0,191.2,-9.090909091,253.0,Yes,Yes
2012-12-27,PC Jeweller,609.3,7.33,18.12,1.68,135,137.0,74.5,1.481481481,22.1,No,No
2012-12-26,CARE Ratings,539.98,45.8,110.96,6.18,750,940.0,923.95,25.33333333,526.0,No,No
2012-12-06,Tara Jewels,0.0,1.49,3.1,2.05,230,242.0,229.95,5.217391304,0.76,No,Yes
2012-07-18,VKS Projects,55.0,1.15,0.38,1.13,55,55.8,1.57,1.454545455,0.04,No,No
2012-05-30,Speciality Rest,181.96,4.68,2.19,0.55,150,153.0,160.65,2.0,146.75,No,No
2012-05-09,Tribhovandas,210.0,1.29,1.91,0.68,120,115.0,111.2,-4.166666667,70.7,No,No
2012-04-12,MT Educare,99.0,6.01,8.0,2.17,80,86.05,90.35,7.5625,9.88,No,No
2012-04-12,NBCC (India),127.2,7.07,1.7,3.4,106,100.0,6.47,-5.660377358,41.25,No,No
2012-03-28,Olympic Cards,25.0,0.0,3.43,1.36,30,29.95,28.5,-0.166666667,4.24,No,No
2011-11-02,Indo Thai Secu,33.6,0.0,0.02,3.31,74,76.0,23.0,2.702702703,304.0,Yes,No
2011-10-24,Vaswani Ind,49.0,0.16,11.29,6.82,49,33.45,17.75,-31.73469388,22.2,No,No
2011-10-20,Ujaas Energy,93.0,1.03,1.56,2.35,186,180.0,31.76,-3.225806452,4.75,No,No
2011-10-19,Taksheel Solut,82.5,0.24,4.7,6.18,150,157.4,58.15,4.933333333,3.85,No,No
2011-10-19,Flexituff Ventu,104.63,0.51,1.55,1.55,155,155.0,166.4,0.0,27.5,No,No
2011-10-17,Onelife Capital,36.85,1.02,0.93,2.32,110,115.0,145.9,4.545454545,14.3,No,No
2011-10-04,Setubandhan Inf,60.0,0.31,2.76,4.68,138,145.0,22.95,5.072463768,3.24,No,No
2011-09-26,PG Electroplast,120.65,0.98,1.84,1.64,210,200.0,411.65,-4.761904762,644.0,Yes,No
2011-09-16,SRS,227.5,0.74,5.0,0.29,58,55.0,16.83,-5.172413793,0.19,No,No
2011-09-08,TD Power System,227.0,6.52,0.32,0.36,256,251.6,274.8,-1.71875,385.0,Yes,No
2011-09-05,Brooks Labs,63.0,0.0,2.82,3.36,100,110.0,50.2,10.0,88.65,No,No
2011-08-26,Tree House,112.06,1.02,1.68,2.76,135,132.8,116.55,-1.62962963,10.34,No,No
2011-08-12,L&T Fi0ce,1245.0,1.93,6.18,9.61,52,53.85,46.46,3.557692308,71.25,Yes,No
2011-08-04,Inventure Grow,81.9,0.25,9.49,8.66,117,119.0,5.2,1.709401709,4.15,No,No
2011-07-28,Bharatiya Glob,55.1,0.0,1.94,5.06,82,84.0,30.95,2.43902439,5.2,No,No
2011-07-13,Kridhan Infra,34.75,0.03,1.37,4.18,108,115.0,13.29,6.481481481,5.86,No,No
2011-07-07,Rushil Decor,40.64,0.23,1.35,6.57,72,81.25,104.49,12.84722222,404.9,Yes,No
2011-07-07,Birla Pacific,65.18,1.04,0.17,1.82,10,10.1,25.35,1.0,0.28,No,No
2011-06-22,Timbor Home,23.25,0.65,3.22,14.22,63,72.0,91.2,14.28571429,2.21,No,No
2011-06-14,VMS Industries,25.75,0.0,1.11,3.41,40,43.95,28.5,9.875,15.0,No,No
2011-05-27,Dr Datson Labs,120.0,0.14,2.65,1.84,234,218.0,311.25,-6.837606838,6.29,No,No
2011-05-23,Sanghvi Forging,36.9,0.0,1.82,2.93,85,88.0,111.75,3.529411765,16.5,No,No
2011-05-13,Innoventive Ind,219.58,0.85,1.94,1.48,117,110.0,93.6,-5.982905983,4.2,No,No
2011-05-12,Servalakshmi,60.0,0.34,4.21,1.9,29,30.0,19.0,3.448275862,1.33,No,No
2011-05-10,Future Consumer,750.0,0.26,7.81,0.61,10,9.5,8.3,-5.0,6.98,No,No
2011-05-09,Paramount Print,45.83,0.33,3.28,9.31,35,35.0,26.65,0.0,0.82,No,No
2011-04-08,Shilpi Cable,55.88,1.04,6.39,5.74,69,78.35,23.8,13.55072464,1.1,No,No
2011-03-30,PTC India Fin,438.76,2.85,0.22,1.18,28,28.0,24.9,0.0,17.6,No,No
2011-03-24,Lovable Lingeri,93.28,21.87,99.87,20.84,205,261.5,249.2,27.56097561,143.3,No,No
2011-03-11,Sudar Ind,69.98,0.17,4.47,2.27,77,74.0,113.1,-3.896103896,1.02,No,No
2011-03-11,Fineotex Chem,30.32,0.0,0.22,4.38,70,80.0,14.09,14.28571429,167.6,Yes,No
2011-03-10,Acropetal Tech,170.0,1.12,2.0,1.21,90,130.0,98.45,44.44444444,1.67,No,No
2011-02-10,Omkar Special,79.38,0.82,5.27,9.9,98,95.0,46.2,-3.06122449,31.75,No,No
2011-01-20,C Mahendra Expo,165.0,1.02,3.92,4.82,110,111.0,55.43,0.909090909,1.79,No,No
2010-12-30,Punjab & Sind,480.0,49.8,22.91,8.38,120,146.1,127.05,21.75,16.35,No,No
2010-12-23,A2Z Infra Eng,675.0,0.7,4.25,0.33,400,390.0,328.9,-2.5,9.67,No,No
2010-12-20,Claris Life,300.0,1.31,2.03,1.6,228,224.4,205.85,-1.578947368,396.55,Yes,No
2010-12-15,MOIL,1260.0,0.0,0.0,0.0,375,551.0,233.25,46.93333333,176.2,No,No
2010-12-06,RPP Infra Proj,48.75,0.16,7.27,5.6,75,75.0,52.0,0.0,51.7,No,No
2010-11-16,Gravita India,45.0,6.04,182.52,37.34,125,218.75,42.08,75.0,371.4,Yes,No
2010-11-04,Coal India,15475.0,24.7,25.4,2.31,245,300.0,342.35,22.44897959,167.25,No,Yes
2010-10-27,Prestige Estate,1200.0,4.32,0.24,0.08,183,190.0,192.55,3.825136612,446.0,Yes,No
2010-10-27,BS Limited,197.36,0.52,3.16,1.04,248,251.0,18.93,1.209677419,0.33,No,No
2010-10-27,Gyscoal Alloys,54.67,1.54,33.44,8.0,71,76.6,8.16,7.887323944,4.51,No,No
2010-10-20,Oberoi Realty,1028.61,22.15,3.61,0.94,260,280.0,282.95,7.692307692,892.6,Yes,No
2010-10-18,Commercial Eng,172.41,3.68,0.34,0.38,127,122.8,112.25,-3.307086614,42.6,No,No
2010-10-14,Sea TV Network,50.2,1.66,40.94,7.45,100,120.0,106.0,20.0,5.25,No,No
2010-10-14,Ashoka Buildcon,225.0,25.52,13.91,3.46,324,333.55,73.33,2.947530864,96.7,No,No
2010-10-14,Bedmutha Ind,91.8,0.67,29.19,8.51,102,114.4,180.8,12.15686275,75.95,No,No
2010-10-13,Va Tech Wabag,472.6,36.13,100.98,8.55,1310,1655.0,341.88,26.33587786,318.5,No,No
2010-10-12,Cantabil Retail,105.0,1.71,3.83,2.63,135,133.8,104.75,-0.888888889,909.35,Yes,No
2010-10-12,Tecpro Systems,268.03,27.99,62.48,9.07,355,399.4,407.85,12.50704225,4.53,No,No
2010-10-08,Electrosteel St,0.0,5.86,28.58,6.19,11,11.15,11.25,1.363636364,31.05,Yes,Yes
2010-10-08,Orient Green,900.0,2.09,0.64,0.18,47,45.7,44.9,-2.765957447,13.35,No,No
2010-10-08,Ramky Infra,530.0,4.52,1.45,0.99,450,450.0,387.35,0.0,220.15,No,No
2010-10-06,Career Point,115.0,47.45,101.93,31.74,310,461.0,632.35,48.70967742,117.05,No,No
2010-10-06,Eros Intl,350.0,25.79,73.4,11.95,175,213.55,190.05,22.02857143,27.4,No,No
2010-10-05,Sasta Sundar,147.5,5.91,35.88,11.04,118,135.1,110.9,14.49152542,407.0,Yes,No
2010-10-01,Tirupati Inks,51.5,1.78,23.18,12.59,43,53.95,36.65,25.46511628,1.59,No,No
2010-09-29,Indosolar,357.0,1.44,1.3,1.81,29,29.75,23.7,2.586206897,4.21,No,No
2010-09-09,Gujarat Pipavav,500.0,13.2,85.7,9.15,46,56.25,54.05,22.2826087,92.5,Yes,No
2010-08-25,Prakash Steelag,68.75,1.27,10.91,6.62,110,118.55,18.8,7.772727273,6.31,No,No
2010-08-18,Bajaj Consumer ,297.0,20.19,53.49,6.62,660,730.0,151.65,10.60606061,172.75,No,No
2010-08-16,Bharat Fin,1653.97,20.38,18.26,2.81,985,1036.0,1088.58,5.177664975,898.2,No,No
2010-07-28,Shri Aster,53.1,0.01,12.46,7.41,118,127.7,199.1,8.220338983,1.28,No,No
2010-07-21,Hindustan Media,270.0,8.98,3.39,1.0,166,177.95,189.2,7.198795181,69.25,No,No
2010-07-16,Technofab Engg,71.76,4.28,48.85,10.03,240,265.0,295.65,10.41666667,6.85,No,No
2010-07-01,Parabolic Drugs,200.0,1.48,1.2,0.4,75,76.0,64.8,1.333333333,5.7,No,No
2010-05-21,Jaypee Infra,1650.0,1.77,1.15,0.61,102,98.0,91.3,-3.921568627,3.4,No,No
2010-05-20,SJVN,1079.0,9.03,3.39,3.12,26,27.1,25.05,4.230769231,30.3,Yes,No
2010-05-19,GB Global,107.9,7.97,10.52,2.81,130,131.0,133.65,0.769230769,9.8,No,No
2010-05-18,Tarapur Trans,63.75,0.03,5.08,2.74,75,75.0,56.9,0.0,4.99,No,No
2010-05-13,NEL HOLDINGS SO,405.0,2.54,0.22,0.16,54,50.0,50.95,-7.407407407,4.09,No,No
2010-05-10,Talwalkars Fitn,77.44,35.43,51.48,8.43,128,138.0,162.6,7.8125,1.45,No,No
2010-04-16,Goenka Diamond,145.0,0.78,2.99,0.66,135,130.0,12.79,-3.703703704,3.17,No,No
2010-04-12,Intrasoft Tech,53.65,21.97,21.6,13.51,145,140.0,159.35,-3.448275862,214.15,Yes,No
2010-04-09,Shree Ganesh,385.29,1.38,6.13,1.39,260,258.85,163.25,-0.442307692,0.82,No,No
2010-04-05,Pradip Overseas,116.6,8.57,45.35,10.53,110,120.0,89.29,9.090909091,1.14,No,No
2010-03-30,ILandFS Trans,700.0,52.61,39.39,4.56,258,287.0,253.68,11.24031008,5.17,No,No
2010-03-29,DQ Entertain,128.38,93.86,272.88,19.45,80,135.0,108.55,68.75,1.03,No,No
2010-03-18,United Bank,330.0,47.08,39.15,9.8,66,77.0,68.8,16.66666667,4.48,No,No
2010-03-11,Man Infra,142.0,96.06,104.57,10.26,252,335.0,46.43,32.93650794,112.05,No,No
2010-03-10,Texmo Pipes,45.0,1.02,30.5,7.26,90,92.8,137.25,3.111111111,78.8,No,No
2010-03-03,ARSS Infra,103.0,49.34,124.53,18.55,450,640.0,736.3,42.22222222,31.95,No,No
2010-02-25,Hathway Cable,735.4,1.43,4.29,0.28,240,246.0,41.56,2.5,19.6,No,No
2010-02-24,DB Realty,1500.0,1.35,1.21,0.01,468,452.1,455.4,-3.397435897,107.6,No,No
2010-02-24,Emmbi Ind,43.08,0.43,5.55,0.46,45,46.0,28.65,2.222222222,101.45,Yes,No
2010-02-23,Aqua Logistics,150.0,0.26,5.07,3.0,220,225.0,24.46,2.272727273,1.4,No,No
2010-02-15,Syncom Health,56.25,0.99,16.6,6.25,75,88.0,87.85,17.33333333,4.06,No,No
2010-02-15,Vascon Engineer,199.8,1.12,3.65,0.62,165,155.9,146.38,-5.515151515,26.5,No,No
2010-02-03,Infinite Comp,189.8,48.44,106.02,11.08,165,178.35,184.51,8.090909091,473.75,Yes,No
